Title,Subtitle,Realise Time
Oh My Ghost! The Fierce Escape from Covid-19 (2021),RAW,2024-07-10 07:09:38
Bear Man (2023),SUB,2024-07-10 06:53:47
Kamen Rider 555 20th: Paradise Regained (2024),SUB,2024-07-09 21:29:43
Following (2024),RAW,2024-07-08 15:17:59
 Yumi's Cells the Movie (2024),SUB,2024-07-07 23:26:59
Wonderland (2024),SUB,2024-07-07 17:27:24
The Theory of Relativity and Row Houses (2024),RAW,2024-07-05 03:19:12
Lady Kaga (2024),RAW,2024-07-04 18:40:10
Pattaya Heat (2024),SUB,2024-07-04 18:11:27
Tarot (2024),RAW,2024-07-04 18:11:01
Lost in Tomb (2024),SUB,2024-07-01 23:29:46
Insomniacs After School (2023),SUB,2024-07-01 21:30:27
The Roundup: Punishment (2024),SUB,2024-07-01 08:13:01
Black Jack (2024),RAW,2024-07-01 02:10:57
Drawing Closer (2024),SUB,2024-06-27 19:25:50
Voice (2024),SUB,2024-06-25 20:20:45
52 Hertz no Kujiratachi (2024),SUB,2024-06-25 20:20:10
Twilight of the Warriors: Walled In (2024),SUB,2024-06-25 00:51:57
The Movie Emperor (2024),SUB,2024-06-24 08:40:24
All Lives (2024),SUB,2024-06-20 20:01:34
Chinatown Chacha (2024),SUB,2024-06-20 19:33:55
The Plot (2024),RAW,2024-06-18 19:51:00
Dead Man (2024),SUB,2024-06-17 23:39:03
Hovering Blade (2024),SUB,2024-06-10 20:21:53
The Happenings (1998),RAW,2024-06-10 01:25:05
Black Angel Vol. 2 (1999),SUB,2024-06-10 01:20:15
Sana (2023),RAW,2024-06-10 01:17:28
Mutant (2024),SUB,2024-06-08 00:12:01
The Invitation (2024),SUB,2024-06-08 00:11:28
KARAKASA (2024),SUB,2024-06-08 00:10:57
Northeast Folktales (2024),SUB,2024-06-08 00:10:12
Firewire Sniper (2024),SUB,2024-06-08 00:10:00
Best Wishes to All (2024),SUB,2024-06-07 20:28:31
The Last Frenzy (2024),SUB,2024-06-07 19:09:48
BL Metamorphosis (2022),SUB,2024-06-07 16:11:55
"I Go GaGa: Welcome Home, Mom (2022)",SUB,2024-06-07 15:49:57
Best Regards to All (2023),SUB,2024-06-07 15:40:40
closet-2024,SUB,2024-06-07 15:37:19
Freckles (2022),SUB,2024-06-07 15:36:53
Rob N Roll (2024),SUB,2024-06-04 23:47:58
Lumberjack the Monster (2023),SUB,2024-06-02 04:10:57
Miss Fortune (2023),SUB,2024-06-01 16:57:38
Troll Factory (2024),SUB,2024-05-30 20:46:36
Just For Meeting You (2023),RAW,2024-05-29 20:14:33
Our Season (2023),SUB,2024-05-27 18:24:41
Matching (2023),RAW,2024-05-22 02:05:18
Lost in Perfection (2023),SUB,2024-05-20 01:37:39
Sword of Desperation (2010),SUB,2024-05-20 01:36:52
Dad is Back (2016),SUB,2024-05-20 01:35:05
Mr. Osomatsu (2022),RAW,2024-05-20 01:34:43
Golden Kamuy (2024),SUB,2024-05-19 14:53:10
Talisman: The Luck Stealer (2022),SUB,2024-05-16 20:26:56
Immortal Vampire (2022),SUB,2024-05-16 20:26:30
Samurai Detective Onihei: Lawless Love (2024),SUB,2024-05-16 18:50:55
Article 20 (2024),RAW,2024-05-16 06:57:19
Doll Bride (2024),SUB,2024-05-15 00:29:38
Noryang: Deadly Sea (2023),SUB,2024-05-14 00:38:33
Exhuma (2024),SUB,2024-05-12 21:43:37
Sekai no Owari kara (2023),SUB,2024-05-11 14:09:10
Let's Go Karaoke! (2024),SUB,2024-05-11 14:08:08
Deliverance (2024),SUB,2024-05-11 14:07:02
Deaw Special: Super Soft Power (2024),SUB,2024-05-11 14:06:32
Six Strange Tales of Liao Zhai (2020),SUB,2024-05-11 14:04:12
Love Syndrome: The Beginning (2024),SUB,2024-05-11 08:05:37
Slyth: The Hunt Saga (2023),SUB,2024-05-09 16:55:25
Ikitoshi Ikerumono (2024),SUB,2024-05-08 15:20:54
Sleep with Your Eyes Open (2024),SUB,2024-05-07 20:29:51
Novoland: Trace of the Dragon (2024),SUB,2024-05-07 15:24:55
The New Dragon Inn (2024),SUB,2024-05-07 15:24:31
Chime (2024),SUB,2024-05-07 09:07:48
The Victims (2024),SUB,2024-05-06 19:47:26
After the Fever (2024),SUB,2024-05-05 14:25:09
Godzilla Minus One (2023),SUB,2024-05-01 17:32:35
Painted Skin: Love is Destroyed (2024),SUB,2024-04-30 17:32:31
Dreaming in Between (2023),SUB,2024-04-26 19:09:10
The Package (2024),SUB,2024-04-25 19:21:06
City Hunter (2024),SUB,2024-04-25 18:39:50
Analog (2023),SUB,2024-04-22 00:15:53
Zhou Gong Subdues Demons (2024),SUB,2024-04-21 23:51:22
Once Again (2024),RAW,2024-04-19 23:45:09
The Sin (2024),RAW,2024-04-18 08:19:36
Remember Me (2024),SUB,2024-04-18 07:22:39
Martial Universe: The Immortal Stone of Nirvana (2021),SUB,2024-04-15 15:24:39
Evil Does Not Exist (2023),SUB,2024-04-14 18:27:05
Death Whisperer (2023),SUB,2024-04-14 15:19:19
Insects in the Backyard (2011),SUB,2024-04-14 15:18:27
Adulthood (2018),SUB,2024-04-12 01:31:32
The Wandering Earth 2 (2023),SUB,2024-04-12 01:31:02
Spiritpact (2018),SUB,2024-04-11 23:38:29
The Hairpin of the Rogue (2023),SUB,2024-04-10 20:07:46
Dangerous Evidence 2024,SUB,2024-04-10 20:07:36
Suspect (2024),SUB,2024-04-04 17:31:03
Aru Tozasareta Yuki no Sanso de (2024),RAW,2024-04-04 16:35:43
RedLife (2023),SUB,2024-03-31 15:55:29
Between the White and Black Keys (2023),SUB,2024-03-29 19:46:42
Akai Yubi (2011),SUB,2024-03-28 23:35:08
Mountain Woman (2023),SUB,2024-03-27 23:54:19
Homeless (2022),SUB,2024-03-27 23:50:43
Leave in Summer (2022),SUB,2024-03-27 23:50:31
Picnic (2023),RAW,2024-03-27 08:32:01
This Is Amiko (2022),SUB,2024-03-26 20:19:23
Gaga (2022),SUB,2024-03-26 20:19:09
In Her Room (2023),SUB,2024-03-26 20:18:53
Nobody's Daughter Hae Won (2013),SUB,2024-03-25 23:41:09
Citizen of a Kind (2024),SUB,2024-03-21 00:08:10
Winny (2023),SUB,2024-03-20 20:22:02
Strong Underdog (2023),SUB,2024-03-20 20:21:47
Wannabe (2024),RAW,2024-03-20 00:00:09
Art of War (2024),SUB,2024-03-19 23:26:02
Scent of a Ghost (2019),SUB,2024-03-19 06:43:23
Hunt the Wicked (2024),SUB,2024-03-18 20:52:12
Speed Fight (2024),SUB,2024-03-18 17:35:24
To The Rescue (2024),RAW,2024-03-17 17:28:01
Not Friends (2023),SUB,2024-03-17 17:23:58
Who'll Stop the Rain (2023),SUB,2024-03-17 13:49:07
People Who Talk to Plushies Are Kind (2023),SUB,2024-03-16 09:34:43
Tastes of Horror (2023),SUB,2024-03-15 14:59:32
I Did It My Way (2023),SUB,2024-03-14 19:21:40
After School (2023),SUB,2024-03-14 18:49:49
Cyber Heist (2023),SUB,2024-03-13 14:29:54
Out (2023),SUB,2024-03-11 20:49:49
The Wild Blade of Strangers (2024),SUB,2024-03-08 18:01:32
"And Yet, You Are So Sweet (2023)",SUB,2024-03-08 16:26:04
The Sunday Runoff (2022),SUB,2024-03-07 17:58:47
Usury Academy (2023),SUB,2024-03-07 17:58:29
Alienoid 2 (2024),SUB,2024-03-06 08:26:39
Rinjin X: Giwaku no Kanojo (2023),RAW,2024-03-03 18:09:44
The Parades (2024),SUB,2024-03-01 21:49:04
The First Girl I Loved (2021),SUB,2024-03-01 19:36:25
Hot Blooded (2022),SUB,2024-03-01 19:22:19
My Name Is Loh Kiwan (2024),SUB,2024-03-01 05:32:15
"The Pig, the Snake and the Pigeon (2023)",SUB,2024-03-01 05:31:42
You Are My Youth (2022),SUB,2024-02-29 23:15:49
Another Record (2021),RAW,2024-02-29 23:15:00
Man Suang (2023),SUB,2024-02-29 08:04:47
Moon Man (2022),SUB,2024-02-28 05:56:23
The Tipping Point (2022),RAW,2024-02-28 05:55:22
Made on the Rooftop (2021),SUB,2024-02-27 16:53:16
Anemone: A Fairy Tale for No Kids (2022),RAW,2024-02-27 16:52:36
From Fanfic to Love (2022),RAW,2024-02-27 06:17:53
Side By Side: Tonari ni Iru Hito (2023),SUB,2024-02-26 19:10:12
Single in Seoul (2023),SUB,2024-02-26 18:37:58
Only the River Flows (2023),SUB,2024-02-25 18:13:15
Sword E Flag (2024),SUB,2024-02-24 01:25:50
Ms. Apocalypse (2023),RAW,2024-02-21 22:52:23
Walker (2024),RAW,2024-02-21 22:36:46
Kun Lun Jing (2023),SUB,2024-02-19 13:10:01
 Eye for an Eye 2 (2024),SUB,2024-02-18 16:02:53
Paper Bride (2023),SUB,2024-02-15 12:54:59
Huang Miao Village's Tales of Mystery (2023),SUB,2024-02-15 12:54:44
Tokyo Revengers 2: Bloody Halloween - Decisive Battle (2023),SUB,2024-02-14 18:21:32
"Yoru ga Aketara, Ichiban ni Kimi ni Ai ni Iku (2023)",SUB,2024-02-14 17:40:36
The Invisible Guest (2023),SUB,2024-02-13 12:57:06
The Goldfinger (2023),SUB,2024-02-13 12:56:31
Follow Bear to Adventure (2024),SUB,2024-02-12 15:38:07
Yasha My Deepest Love (2024),SUB,2024-02-12 00:43:07
The Curse of Turandot (2021),SUB,2024-02-09 16:42:55
Extras for Chasing The Dragon (2023),SUB,2024-02-09 01:08:58
YinYang Crossborder Person (2023),SUB,2024-02-09 01:08:21
12.12: The Day (2023),SUB,2024-02-09 01:06:48
Gifted (2014),SUB,2024-02-07 15:05:26
The Four Vampires (2018),SUB,2024-02-01 22:29:14
"Takumi-kun Series 5: That, Sunny Blue Sky (2011)",SUB,2024-02-01 22:28:49
Takumi-kun Series 4: Pure (2010),SUB,2024-02-01 22:27:40
Takumi-kun Series 3: The Beauty of Detail (2010),SUB,2024-02-01 22:26:57
Takumi-kun Series 2: Rainbow Colored Glass (2009),SUB,2024-02-01 22:26:32
No More Bets (2023),SUB,2024-02-01 16:48:31
Twilight Cinema Blues (2023),SUB,2024-01-30 23:23:49
One and Only (2023),SUB,2024-01-28 04:56:06
Swimming in the Dark (2022),SUB,2024-01-28 03:42:33
Bursting Point (2023),SUB,2024-01-26 16:55:02
Badland Hunters (2024),SUB,2024-01-26 06:06:00
The Dream Songs (2022),SUB,2024-01-25 23:11:41
Legend of the Mermaid: Human Love (2024),SUB,2024-01-24 22:43:41
Desperado (2024),SUB,2024-01-24 18:20:30
In the Head (2024),RAW,2024-01-24 17:33:23
Ichikei's Crow: The Movie (2023),RAW,2024-01-24 00:36:56
Seven Killings (2023),SUB,2024-01-22 00:42:02
The Dry Spell (2023),SUB,2024-01-21 08:06:19
Oresama (2004),SUB,2024-01-21 06:27:23
Kamen Rider Geats: 4 Aces and the Black Fox (2023),SUB,2024-01-21 06:13:57
Shinnyushatachi no Bansan (2024),SUB,2024-01-19 22:19:17
Tokyo Revengers 2: Bloody Halloween - Destiny (2023),SUB,2024-01-19 22:18:57
Border 2: Shokuzai,SUB,2024-01-19 19:54:43
Your Home is My Business SP,SUB,2024-01-19 19:53:43
I Am Here (2023),SUB,2024-01-18 13:28:00
Youth (2023),SUB,2024-01-17 06:52:22
Dragon Hunting King (2024),SUB,2024-01-17 06:26:10
River (2023),SUB,2024-01-16 18:31:56
Man in Black (2023),SUB,2024-01-16 14:29:44
Crypto Storm (2024),SUB,2024-01-16 14:29:25
Ninja vs Shark (2023),SUB,2024-01-15 18:00:32
Immersion (2023),SUB,2024-01-15 13:14:08
How to Find Happiness (2022),SUB,2024-01-15 00:41:37
Ice Cream Fever (2023),SUB,2024-01-14 17:44:15
Hopeless (2023),SUB,2024-01-14 16:15:05
Across the Furious Sea (2023),SUB,2024-01-13 06:58:33
Norwegian Wood (2010),SUB,2024-01-12 21:14:27
Mad Cats (2023),SUB,2024-01-11 22:29:28
Chang Le Zhen Gui Shi (2024),SUB,2024-01-11 14:51:03
G-Men (2023),RAW,2024-01-10 18:14:14
After Sundown (2023),SUB,2024-01-10 13:49:47
Kingdom 3: Flame of Destiny (2023),SUB,2024-01-09 18:13:56
Rebound (2023),SUB,2024-01-09 14:22:14
Super Family (2023),SUB,2024-01-08 14:56:34
Lost in the Stars (2023),SUB,2024-01-08 14:55:55
"One Second Ahead, One Second Behind (2023)",SUB,2024-01-07 17:59:13
 The Battle for Justice (2023),SUB,2024-01-06 02:29:24
Monster (2023),SUB,2024-01-06 00:16:02
Sagrada Reset: Part II,SUB,2024-01-05 17:16:23
The Exam (1999),RAW,2024-01-05 00:43:15
Back To The Tomorrow (2023),RAW,2024-01-04 23:18:53
Live Stream (2023),SUB,2024-01-04 18:29:50
The Wild (2023),SUB,2024-01-04 18:20:29
easy money (2024),RAW,2024-01-04 17:58:13
Be My Family (2023),SUB,2024-01-03 14:58:20
Under the Light (2023),SUB,2024-01-03 14:57:55
New Normal (2022),RAW,2024-01-03 00:44:46
Unparalleled Yanshi: Gracious Master of Emei (2018),SUB,2024-01-02 23:39:51
The Hole (1997),SUB,2024-01-02 23:24:39
World's Greatest Dad (2023),RAW,2024-01-02 16:13:47
The Adventures (2023),SUB,2024-01-02 16:12:59
Who's the Suspect (2023),SUB,2024-01-02 16:12:09
The Volunteers: To the War (2023),SUB,2024-01-01 16:08:47
Moscow Mission (2023),SUB,2024-01-01 14:47:36
Toxic Parents (2023),SUB,2023-12-31 19:25:02
The Abandoned (2023),SUB,2023-12-31 06:01:34
Journey to the West (2023),SUB,2023-12-29 02:05:53
The Forbidden Play (2023),SUB,2023-12-28 18:50:10
Bad Lands (2023),SUB,2023-12-28 18:20:03
Green Night (2023),SUB,2023-12-28 14:10:33
Cobweb (2023),SUB,2023-12-28 13:26:39
The Serpent's Song (2017),SUB,2023-12-28 13:26:16
Mondo (2023),SUB,2023-12-28 05:36:21
Miss Shampoo (2023),SUB,2023-12-28 05:35:43
Unforgivable (2023),RAW,2023-12-27 05:22:07
Persona: Sulli (2023),SUB,2023-12-26 23:44:14
Sing in Love (2022),SUB,2023-12-26 17:07:09
Its Remains (2023),SUB,2023-12-24 17:55:49
Hero (2022) (KR),SUB,2023-12-22 19:58:59
Serve The People (2022),SUB,2023-12-22 19:52:31
Next Sohee (2022),SUB,2023-12-22 13:55:17
Big Sleep (2022),RAW,2023-12-22 06:38:11
Fights Break Sphere 2 (2023),SUB,2023-12-21 17:08:29
Loan Boy (2023),RAW,2023-12-21 17:08:04
Tales From The Occult: Body and Soul (2023),SUB,2023-12-20 18:26:06
Havana (2023),SUB,2023-12-20 18:25:53
Perfect Days (2023),SUB,2023-12-20 17:19:24
The Rope Curse 3 (2023),SUB,2023-12-18 05:04:23
Takumi-kun Series 1: And The Spring Breeze Whispers (2007),SUB,2023-12-18 03:29:18
Hello Ghost! (2023),SUB,2023-12-17 19:51:56
Don't Call It Mystery: The Movie (2023),SUB,2023-12-17 06:42:57
Long Distance (2023),RAW,2023-12-15 17:18:14
Our Secret Diary (2023),SUB,2023-12-14 22:04:59
Downfall (2023),SUB,2023-12-14 18:09:15
Love Life (2022),SUB,2023-12-14 17:37:29
Immortal-Slaying Knife (2023),SUB,2023-12-14 14:22:04
 In Our Day (2023),SUB,2023-12-14 14:20:29
Tokyo MER: Mobile Emergency Room: The Movie (2023),RAW,2023-12-13 18:07:20
A Light Never Goes Out (2022),SUB,2023-12-13 15:53:29
The Man's Secret (2023),SUB,2023-12-13 14:58:26
Eye for an Eye 1 (2022),SUB,2023-12-13 14:23:56
Sleep (2023),SUB,2023-12-07 19:40:09
Weird Forest (2023),SUB,2023-12-07 07:17:19
Black Fox: Ultimate Rescue (2022),SUB,2023-12-07 07:14:57
Love Reset (2023),SUB,2023-12-06 22:25:24
Dead Silence (2023),SUB,2023-12-06 22:24:03
Ten Tigers of Guangdong: Invincible Iron Fist (2022),SUB,2023-12-06 22:23:53
Hail to Hell (2023),SUB,2023-12-06 19:31:14
The Preparation,SUB,2023-12-06 17:46:49
Karma (2015),SUB,2023-12-06 16:02:24
Doi Boy (2023),SUB,2023-12-06 07:26:25
Godzilla (1954),SUB,2023-12-06 05:45:25
She's From Another Planet (2023),RAW,2023-12-05 18:47:19
Devils (2023),SUB,2023-12-05 18:45:26
The Shadowless Tower (2023),SUB,2023-12-04 17:59:40
Never Say Never (2023),SUB,2023-12-03 14:09:34
3 Idiot Heroes (2023),SUB,2023-12-02 15:09:41
Quick Counterattack (2023),SUB,2023-12-01 22:53:07
Senritsu Kaiki World Kowasugi! (2023),RAW,2023-12-01 18:22:22
Red Shoes (2023),SUB,2023-12-01 18:22:07
Visitors (Complete Edition) (2023),SUB,2023-11-30 17:03:07
Flowers of Mold (2023),RAW,2023-11-30 02:53:07
Hard Days (2023),SUB,2023-11-30 02:52:19
The Narrow Road (2022),SUB,2023-11-28 19:16:50
Ring Wandering (2022),SUB,2023-11-28 19:06:42
Welcome to Bongtaeri (2023),RAW,2023-11-27 07:38:34
The Boys (2022),RAW,2023-11-26 23:22:57
Ginga Tetsudo no Chichi (2023),SUB,2023-11-26 18:18:59
Open The Door (2023),RAW,2023-11-26 14:45:41
Honey Sweet (2023),SUB,2023-11-23 17:41:16
Dr. Cheon and Lost Talisman (2023),SUB,2023-11-23 17:40:55
Family (2023),SUB,2023-11-23 13:36:26
Brave Citizen (2023),SUB,2023-11-23 07:13:36
Fights Break Sphere (2023),SUB,2023-11-21 22:22:56
