,Title,Subtitle,Realise Time
0,Oh My Ghost! The Fierce Escape from Covid-19 (2021),RAW,2024-07-10 07:09:38
1,Bear Man (2023),SUB,2024-07-10 06:53:47
2,Kamen Rider 555 20th: Paradise Regained (2024),SUB,2024-07-09 21:29:43
3,Following (2024),RAW,2024-07-08 15:17:59
4, Yumi's Cells the Movie (2024),SUB,2024-07-07 23:26:59
5,Wonderland (2024),SUB,2024-07-07 17:27:24
6,The Theory of Relativity and Row Houses (2024),RAW,2024-07-05 03:19:12
7,Lady Kaga (2024),RAW,2024-07-04 18:40:10
8,Pattaya Heat (2024),SUB,2024-07-04 18:11:27
9,Tarot (2024),RAW,2024-07-04 18:11:01
10,Lost in Tomb (2024),SUB,2024-07-01 23:29:46
11,Insomniacs After School (2023),SUB,2024-07-01 21:30:27
12,The Roundup: Punishment (2024),SUB,2024-07-01 08:13:01
13,Black Jack (2024),RAW,2024-07-01 02:10:57
14,Drawing Closer (2024),SUB,2024-06-27 19:25:50
15,Voice (2024),SUB,2024-06-25 20:20:45
16,52 Hertz no Kujiratachi (2024),SUB,2024-06-25 20:20:10
17,Twilight of the Warriors: Walled In (2024),SUB,2024-06-25 00:51:57
18,The Movie Emperor (2024),SUB,2024-06-24 08:40:24
19,All Lives (2024),SUB,2024-06-20 20:01:34
20,Chinatown Chacha (2024),SUB,2024-06-20 19:33:55
21,The Plot (2024),RAW,2024-06-18 19:51:00
22,Dead Man (2024),SUB,2024-06-17 23:39:03
23,Hovering Blade (2024),SUB,2024-06-10 20:21:53
24,The Happenings (1998),RAW,2024-06-10 01:25:05
25,Black Angel Vol. 2 (1999),SUB,2024-06-10 01:20:15
26,Sana (2023),RAW,2024-06-10 01:17:28
27,Mutant (2024),SUB,2024-06-08 00:12:01
28,The Invitation (2024),SUB,2024-06-08 00:11:28
29,KARAKASA (2024),SUB,2024-06-08 00:10:57
30,Northeast Folktales (2024),SUB,2024-06-08 00:10:12
31,Firewire Sniper (2024),SUB,2024-06-08 00:10:00
32,Best Wishes to All (2024),SUB,2024-06-07 20:28:31
33,The Last Frenzy (2024),SUB,2024-06-07 19:09:48
34,BL Metamorphosis (2022),SUB,2024-06-07 16:11:55
35,"I Go GaGa: Welcome Home, Mom (2022)",SUB,2024-06-07 15:49:57
36,Best Regards to All (2023),SUB,2024-06-07 15:40:40
37,closet-2024,SUB,2024-06-07 15:37:19
38,Freckles (2022),SUB,2024-06-07 15:36:53
39,Rob N Roll (2024),SUB,2024-06-04 23:47:58
40,Lumberjack the Monster (2023),SUB,2024-06-02 04:10:57
41,Miss Fortune (2023),SUB,2024-06-01 16:57:38
42,Troll Factory (2024),SUB,2024-05-30 20:46:36
43,Just For Meeting You (2023),RAW,2024-05-29 20:14:33
44,Our Season (2023),SUB,2024-05-27 18:24:41
45,Matching (2023),RAW,2024-05-22 02:05:18
46,Lost in Perfection (2023),SUB,2024-05-20 01:37:39
47,Sword of Desperation (2010),SUB,2024-05-20 01:36:52
48,Dad is Back (2016),SUB,2024-05-20 01:35:05
49,Mr. Osomatsu (2022),RAW,2024-05-20 01:34:43
50,Golden Kamuy (2024),SUB,2024-05-19 14:53:10
51,Talisman: The Luck Stealer (2022),SUB,2024-05-16 20:26:56
52,Immortal Vampire (2022),SUB,2024-05-16 20:26:30
53,Samurai Detective Onihei: Lawless Love (2024),SUB,2024-05-16 18:50:55
54,Article 20 (2024),RAW,2024-05-16 06:57:19
55,Doll Bride (2024),SUB,2024-05-15 00:29:38
56,Noryang: Deadly Sea (2023),SUB,2024-05-14 00:38:33
57,Exhuma (2024),SUB,2024-05-12 21:43:37
58,Sekai no Owari kara (2023),SUB,2024-05-11 14:09:10
59,Let's Go Karaoke! (2024),SUB,2024-05-11 14:08:08
60,Deliverance (2024),SUB,2024-05-11 14:07:02
61,Deaw Special: Super Soft Power (2024),SUB,2024-05-11 14:06:32
62,Six Strange Tales of Liao Zhai (2020),SUB,2024-05-11 14:04:12
63,Love Syndrome: The Beginning (2024),SUB,2024-05-11 08:05:37
64,Slyth: The Hunt Saga (2023),SUB,2024-05-09 16:55:25
65,Ikitoshi Ikerumono (2024),SUB,2024-05-08 15:20:54
66,Sleep with Your Eyes Open (2024),SUB,2024-05-07 20:29:51
67,Novoland: Trace of the Dragon (2024),SUB,2024-05-07 15:24:55
68,The New Dragon Inn (2024),SUB,2024-05-07 15:24:31
69,Chime (2024),SUB,2024-05-07 09:07:48
70,The Victims (2024),SUB,2024-05-06 19:47:26
71,After the Fever (2024),SUB,2024-05-05 14:25:09
72,Godzilla Minus One (2023),SUB,2024-05-01 17:32:35
73,Painted Skin: Love is Destroyed (2024),SUB,2024-04-30 17:32:31
74,Dreaming in Between (2023),SUB,2024-04-26 19:09:10
75,The Package (2024),SUB,2024-04-25 19:21:06
76,City Hunter (2024),SUB,2024-04-25 18:39:50
77,Analog (2023),SUB,2024-04-22 00:15:53
78,Zhou Gong Subdues Demons (2024),SUB,2024-04-21 23:51:22
79,Once Again (2024),RAW,2024-04-19 23:45:09
80,The Sin (2024),RAW,2024-04-18 08:19:36
81,Remember Me (2024),SUB,2024-04-18 07:22:39
82,Martial Universe: The Immortal Stone of Nirvana (2021),SUB,2024-04-15 15:24:39
83,Evil Does Not Exist (2023),SUB,2024-04-14 18:27:05
84,Death Whisperer (2023),SUB,2024-04-14 15:19:19
85,Insects in the Backyard (2011),SUB,2024-04-14 15:18:27
86,Adulthood (2018),SUB,2024-04-12 01:31:32
87,The Wandering Earth 2 (2023),SUB,2024-04-12 01:31:02
88,Spiritpact (2018),SUB,2024-04-11 23:38:29
89,The Hairpin of the Rogue (2023),SUB,2024-04-10 20:07:46
90,Dangerous Evidence 2024,SUB,2024-04-10 20:07:36
91,Suspect (2024),SUB,2024-04-04 17:31:03
92,Aru Tozasareta Yuki no Sanso de (2024),RAW,2024-04-04 16:35:43
93,RedLife (2023),SUB,2024-03-31 15:55:29
94,Between the White and Black Keys (2023),SUB,2024-03-29 19:46:42
95,Akai Yubi (2011),SUB,2024-03-28 23:35:08
96,Mountain Woman (2023),SUB,2024-03-27 23:54:19
97,Homeless (2022),SUB,2024-03-27 23:50:43
98,Leave in Summer (2022),SUB,2024-03-27 23:50:31
99,Picnic (2023),RAW,2024-03-27 08:32:01
100,This Is Amiko (2022),SUB,2024-03-26 20:19:23
101,Gaga (2022),SUB,2024-03-26 20:19:09
102,In Her Room (2023),SUB,2024-03-26 20:18:53
103,Nobody's Daughter Hae Won (2013),SUB,2024-03-25 23:41:09
104,Citizen of a Kind (2024),SUB,2024-03-21 00:08:10
105,Winny (2023),SUB,2024-03-20 20:22:02
106,Strong Underdog (2023),SUB,2024-03-20 20:21:47
107,Wannabe (2024),RAW,2024-03-20 00:00:09
108,Art of War (2024),SUB,2024-03-19 23:26:02
109,Scent of a Ghost (2019),SUB,2024-03-19 06:43:23
110,Hunt the Wicked (2024),SUB,2024-03-18 20:52:12
111,Speed Fight (2024),SUB,2024-03-18 17:35:24
112,To The Rescue (2024),RAW,2024-03-17 17:28:01
113,Not Friends (2023),SUB,2024-03-17 17:23:58
114,Who'll Stop the Rain (2023),SUB,2024-03-17 13:49:07
115,People Who Talk to Plushies Are Kind (2023),SUB,2024-03-16 09:34:43
116,Tastes of Horror (2023),SUB,2024-03-15 14:59:32
117,I Did It My Way (2023),SUB,2024-03-14 19:21:40
118,After School (2023),SUB,2024-03-14 18:49:49
119,Cyber Heist (2023),SUB,2024-03-13 14:29:54
120,Out (2023),SUB,2024-03-11 20:49:49
121,The Wild Blade of Strangers (2024),SUB,2024-03-08 18:01:32
122,"And Yet, You Are So Sweet (2023)",SUB,2024-03-08 16:26:04
123,The Sunday Runoff (2022),SUB,2024-03-07 17:58:47
124,Usury Academy (2023),SUB,2024-03-07 17:58:29
125,Alienoid 2 (2024),SUB,2024-03-06 08:26:39
126,Rinjin X: Giwaku no Kanojo (2023),RAW,2024-03-03 18:09:44
127,The Parades (2024),SUB,2024-03-01 21:49:04
128,The First Girl I Loved (2021),SUB,2024-03-01 19:36:25
129,Hot Blooded (2022),SUB,2024-03-01 19:22:19
130,My Name Is Loh Kiwan (2024),SUB,2024-03-01 05:32:15
131,"The Pig, the Snake and the Pigeon (2023)",SUB,2024-03-01 05:31:42
132,You Are My Youth (2022),SUB,2024-02-29 23:15:49
133,Another Record (2021),RAW,2024-02-29 23:15:00
134,Man Suang (2023),SUB,2024-02-29 08:04:47
135,Moon Man (2022),SUB,2024-02-28 05:56:23
136,The Tipping Point (2022),RAW,2024-02-28 05:55:22
137,Made on the Rooftop (2021),SUB,2024-02-27 16:53:16
138,Anemone: A Fairy Tale for No Kids (2022),RAW,2024-02-27 16:52:36
139,From Fanfic to Love (2022),RAW,2024-02-27 06:17:53
140,Side By Side: Tonari ni Iru Hito (2023),SUB,2024-02-26 19:10:12
141,Single in Seoul (2023),SUB,2024-02-26 18:37:58
142,Only the River Flows (2023),SUB,2024-02-25 18:13:15
143,Sword E Flag (2024),SUB,2024-02-24 01:25:50
144,Ms. Apocalypse (2023),RAW,2024-02-21 22:52:23
145,Walker (2024),RAW,2024-02-21 22:36:46
146,Kun Lun Jing (2023),SUB,2024-02-19 13:10:01
147, Eye for an Eye 2 (2024),SUB,2024-02-18 16:02:53
148,Paper Bride (2023),SUB,2024-02-15 12:54:59
149,Huang Miao Village's Tales of Mystery (2023),SUB,2024-02-15 12:54:44
150,Tokyo Revengers 2: Bloody Halloween - Decisive Battle (2023),SUB,2024-02-14 18:21:32
151,"Yoru ga Aketara, Ichiban ni Kimi ni Ai ni Iku (2023)",SUB,2024-02-14 17:40:36
152,The Invisible Guest (2023),SUB,2024-02-13 12:57:06
153,The Goldfinger (2023),SUB,2024-02-13 12:56:31
154,Follow Bear to Adventure (2024),SUB,2024-02-12 15:38:07
155,Yasha My Deepest Love (2024),SUB,2024-02-12 00:43:07
156,The Curse of Turandot (2021),SUB,2024-02-09 16:42:55
157,Extras for Chasing The Dragon (2023),SUB,2024-02-09 01:08:58
158,YinYang Crossborder Person (2023),SUB,2024-02-09 01:08:21
159,12.12: The Day (2023),SUB,2024-02-09 01:06:48
160,Gifted (2014),SUB,2024-02-07 15:05:26
161,The Four Vampires (2018),SUB,2024-02-01 22:29:14
162,"Takumi-kun Series 5: That, Sunny Blue Sky (2011)",SUB,2024-02-01 22:28:49
163,Takumi-kun Series 4: Pure (2010),SUB,2024-02-01 22:27:40
164,Takumi-kun Series 3: The Beauty of Detail (2010),SUB,2024-02-01 22:26:57
165,Takumi-kun Series 2: Rainbow Colored Glass (2009),SUB,2024-02-01 22:26:32
166,No More Bets (2023),SUB,2024-02-01 16:48:31
167,Twilight Cinema Blues (2023),SUB,2024-01-30 23:23:49
168,One and Only (2023),SUB,2024-01-28 04:56:06
169,Swimming in the Dark (2022),SUB,2024-01-28 03:42:33
170,Bursting Point (2023),SUB,2024-01-26 16:55:02
171,Badland Hunters (2024),SUB,2024-01-26 06:06:00
172,The Dream Songs (2022),SUB,2024-01-25 23:11:41
173,Legend of the Mermaid: Human Love (2024),SUB,2024-01-24 22:43:41
174,Desperado (2024),SUB,2024-01-24 18:20:30
175,In the Head (2024),RAW,2024-01-24 17:33:23
176,Ichikei's Crow: The Movie (2023),RAW,2024-01-24 00:36:56
177,Seven Killings (2023),SUB,2024-01-22 00:42:02
178,The Dry Spell (2023),SUB,2024-01-21 08:06:19
179,Oresama (2004),SUB,2024-01-21 06:27:23
180,Kamen Rider Geats: 4 Aces and the Black Fox (2023),SUB,2024-01-21 06:13:57
181,Shinnyushatachi no Bansan (2024),SUB,2024-01-19 22:19:17
182,Tokyo Revengers 2: Bloody Halloween - Destiny (2023),SUB,2024-01-19 22:18:57
183,Border 2: Shokuzai,SUB,2024-01-19 19:54:43
184,Your Home is My Business SP,SUB,2024-01-19 19:53:43
185,I Am Here (2023),SUB,2024-01-18 13:28:00
186,Youth (2023),SUB,2024-01-17 06:52:22
187,Dragon Hunting King (2024),SUB,2024-01-17 06:26:10
188,River (2023),SUB,2024-01-16 18:31:56
189,Man in Black (2023),SUB,2024-01-16 14:29:44
190,Crypto Storm (2024),SUB,2024-01-16 14:29:25
191,Ninja vs Shark (2023),SUB,2024-01-15 18:00:32
192,Immersion (2023),SUB,2024-01-15 13:14:08
193,How to Find Happiness (2022),SUB,2024-01-15 00:41:37
194,Ice Cream Fever (2023),SUB,2024-01-14 17:44:15
195,Hopeless (2023),SUB,2024-01-14 16:15:05
196,Across the Furious Sea (2023),SUB,2024-01-13 06:58:33
197,Norwegian Wood (2010),SUB,2024-01-12 21:14:27
198,Mad Cats (2023),SUB,2024-01-11 22:29:28
199,Chang Le Zhen Gui Shi (2024),SUB,2024-01-11 14:51:03
200,G-Men (2023),RAW,2024-01-10 18:14:14
201,After Sundown (2023),SUB,2024-01-10 13:49:47
202,Kingdom 3: Flame of Destiny (2023),SUB,2024-01-09 18:13:56
203,Rebound (2023),SUB,2024-01-09 14:22:14
204,Super Family (2023),SUB,2024-01-08 14:56:34
205,Lost in the Stars (2023),SUB,2024-01-08 14:55:55
206,"One Second Ahead, One Second Behind (2023)",SUB,2024-01-07 17:59:13
207, The Battle for Justice (2023),SUB,2024-01-06 02:29:24
208,Monster (2023),SUB,2024-01-06 00:16:02
209,Sagrada Reset: Part II,SUB,2024-01-05 17:16:23
210,The Exam (1999),RAW,2024-01-05 00:43:15
211,Back To The Tomorrow (2023),RAW,2024-01-04 23:18:53
212,Live Stream (2023),SUB,2024-01-04 18:29:50
213,The Wild (2023),SUB,2024-01-04 18:20:29
214,easy money (2024),RAW,2024-01-04 17:58:13
215,Be My Family (2023),SUB,2024-01-03 14:58:20
216,Under the Light (2023),SUB,2024-01-03 14:57:55
217,New Normal (2022),RAW,2024-01-03 00:44:46
218,Unparalleled Yanshi: Gracious Master of Emei (2018),SUB,2024-01-02 23:39:51
219,The Hole (1997),SUB,2024-01-02 23:24:39
220,World's Greatest Dad (2023),RAW,2024-01-02 16:13:47
221,The Adventures (2023),SUB,2024-01-02 16:12:59
222,Who's the Suspect (2023),SUB,2024-01-02 16:12:09
223,The Volunteers: To the War (2023),SUB,2024-01-01 16:08:47
224,Moscow Mission (2023),SUB,2024-01-01 14:47:36
225,Toxic Parents (2023),SUB,2023-12-31 19:25:02
226,The Abandoned (2023),SUB,2023-12-31 06:01:34
227,Journey to the West (2023),SUB,2023-12-29 02:05:53
228,The Forbidden Play (2023),SUB,2023-12-28 18:50:10
229,Bad Lands (2023),SUB,2023-12-28 18:20:03
230,Green Night (2023),SUB,2023-12-28 14:10:33
231,Cobweb (2023),SUB,2023-12-28 13:26:39
232,The Serpent's Song (2017),SUB,2023-12-28 13:26:16
233,Mondo (2023),SUB,2023-12-28 05:36:21
234,Miss Shampoo (2023),SUB,2023-12-28 05:35:43
235,Unforgivable (2023),RAW,2023-12-27 05:22:07
236,Persona: Sulli (2023),SUB,2023-12-26 23:44:14
237,Sing in Love (2022),SUB,2023-12-26 17:07:09
238,Its Remains (2023),SUB,2023-12-24 17:55:49
239,Hero (2022) (KR),SUB,2023-12-22 19:58:59
240,Serve The People (2022),SUB,2023-12-22 19:52:31
241,Next Sohee (2022),SUB,2023-12-22 13:55:17
242,Big Sleep (2022),RAW,2023-12-22 06:38:11
243,Fights Break Sphere 2 (2023),SUB,2023-12-21 17:08:29
244,Loan Boy (2023),RAW,2023-12-21 17:08:04
245,Tales From The Occult: Body and Soul (2023),SUB,2023-12-20 18:26:06
246,Havana (2023),SUB,2023-12-20 18:25:53
247,Perfect Days (2023),SUB,2023-12-20 17:19:24
248,The Rope Curse 3 (2023),SUB,2023-12-18 05:04:23
249,Takumi-kun Series 1: And The Spring Breeze Whispers (2007),SUB,2023-12-18 03:29:18
250,Hello Ghost! (2023),SUB,2023-12-17 19:51:56
251,Don't Call It Mystery: The Movie (2023),SUB,2023-12-17 06:42:57
252,Long Distance (2023),RAW,2023-12-15 17:18:14
253,Our Secret Diary (2023),SUB,2023-12-14 22:04:59
254,Downfall (2023),SUB,2023-12-14 18:09:15
255,Love Life (2022),SUB,2023-12-14 17:37:29
256,Immortal-Slaying Knife (2023),SUB,2023-12-14 14:22:04
257, In Our Day (2023),SUB,2023-12-14 14:20:29
258,Tokyo MER: Mobile Emergency Room: The Movie (2023),RAW,2023-12-13 18:07:20
259,A Light Never Goes Out (2022),SUB,2023-12-13 15:53:29
260,The Man's Secret (2023),SUB,2023-12-13 14:58:26
261,Eye for an Eye 1 (2022),SUB,2023-12-13 14:23:56
262,Sleep (2023),SUB,2023-12-07 19:40:09
263,Weird Forest (2023),SUB,2023-12-07 07:17:19
264,Black Fox: Ultimate Rescue (2022),SUB,2023-12-07 07:14:57
265,Love Reset (2023),SUB,2023-12-06 22:25:24
266,Dead Silence (2023),SUB,2023-12-06 22:24:03
267,Ten Tigers of Guangdong: Invincible Iron Fist (2022),SUB,2023-12-06 22:23:53
268,Hail to Hell (2023),SUB,2023-12-06 19:31:14
269,The Preparation,SUB,2023-12-06 17:46:49
270,Karma (2015),SUB,2023-12-06 16:02:24
271,Doi Boy (2023),SUB,2023-12-06 07:26:25
272,Godzilla (1954),SUB,2023-12-06 05:45:25
273,She's From Another Planet (2023),RAW,2023-12-05 18:47:19
274,Devils (2023),SUB,2023-12-05 18:45:26
275,The Shadowless Tower (2023),SUB,2023-12-04 17:59:40
276,Never Say Never (2023),SUB,2023-12-03 14:09:34
277,3 Idiot Heroes (2023),SUB,2023-12-02 15:09:41
278,Quick Counterattack (2023),SUB,2023-12-01 22:53:07
279,Senritsu Kaiki World Kowasugi! (2023),RAW,2023-12-01 18:22:22
280,Red Shoes (2023),SUB,2023-12-01 18:22:07
281,Visitors (Complete Edition) (2023),SUB,2023-11-30 17:03:07
282,Flowers of Mold (2023),RAW,2023-11-30 02:53:07
283,Hard Days (2023),SUB,2023-11-30 02:52:19
284,The Narrow Road (2022),SUB,2023-11-28 19:16:50
285,Ring Wandering (2022),SUB,2023-11-28 19:06:42
286,Welcome to Bongtaeri (2023),RAW,2023-11-27 07:38:34
287,The Boys (2022),RAW,2023-11-26 23:22:57
288,Ginga Tetsudo no Chichi (2023),SUB,2023-11-26 18:18:59
289,Open The Door (2023),RAW,2023-11-26 14:45:41
290,Honey Sweet (2023),SUB,2023-11-23 17:41:16
291,Dr. Cheon and Lost Talisman (2023),SUB,2023-11-23 17:40:55
292,Family (2023),SUB,2023-11-23 13:36:26
293,Brave Citizen (2023),SUB,2023-11-23 07:13:36
294,Fights Break Sphere (2023),SUB,2023-11-21 22:22:56
295,Imprisoned Ⅱ : There is No Escape from Fate (2023),RAW,2023-11-19 16:59:43
296,Hearty Paws 1 (2006),SUB,2023-11-19 13:05:56
297,Do You See Seoul? (2008),SUB,2023-11-19 13:05:41
298,#Manhole (2023),SUB,2023-11-17 19:52:11
299,Believer 2 (2023),SUB,2023-11-17 00:54:08
300,A Man of Reason (2023),SUB,2023-11-16 18:16:12
301,The New Employee: The Movie (2023),SUB,2023-11-16 18:15:56
302,Snaker in Golden (2023),SUB,2023-11-16 13:01:10
303,A Tour Guide (2023),RAW,2023-11-16 08:18:44
304,In Love and Deep Water (2023),SUB,2023-11-16 04:12:08
305,Where to Go (2018),SUB,2023-11-15 22:27:46
306,Flare (2014),RAW,2023-11-15 22:27:22
307,Boston 1947 (2023),SUB,2023-11-15 18:34:20
308,Congrats My Ex! (2023),SUB,2023-11-15 13:57:40
309,Aki wa Haru to Gohan wo Tabetai (2023),SUB,2023-11-15 00:28:16
310,Kazuo Umezu's Horror Theater: Bug's House (2005),SUB,2023-11-14 13:10:57
311,Tainted Love (2023),SUB,2023-11-14 07:29:49
312,Fight Through The Yin-Yang House (2023),SUB,2023-11-14 07:29:39
313,The X-Treme Riders (2023),SUB,2023-11-13 13:50:36
314,Happy Merry Ending (Movie) (2023),SUB,2023-11-13 13:49:37
315,New Love Story in New York (2004),RAW,2023-11-12 17:47:30
316,Yudo (2023),SUB,2023-11-10 00:06:24
317,A Lonely Island in the Distant Sea (2021),RAW,2023-11-09 07:19:02
318,Godspeed (2023),SUB,2023-11-08 23:05:05
319,The Legend of the Condor Heroes: The Dragon Tamer (2021),SUB,2023-11-08 14:32:21
320,Broken Commandment (2022),RAW,2023-11-07 23:58:55
321,Someone You Loved (2023),SUB,2023-11-05 18:05:42
322,Don't Tell Papa (2004),SUB,2023-11-05 10:02:58
323,Bad Daddy (2018),SUB,2023-11-04 01:51:03
324,Eye of the Storm (2023),SUB,2023-11-03 19:02:12
325,Where Would You Like to Go? (2023),SUB,2023-11-02 23:21:40
326,My Precious (2023),SUB,2023-11-02 20:53:40
327,Knuckle Girl (2023),SUB,2023-11-01 18:58:39
328,The Procurator (2023),SUB,2023-11-01 17:10:46
329,In Dream (2023),SUB,2023-10-30 02:07:26
330,Girl Wrighter (2023),RAW,2023-10-27 07:25:13
331,Doom Doom (2021),RAW,2023-10-27 07:24:22
332,Lovers' Kiss (2003),RAW,2023-10-27 07:23:36
333,Target (2023),SUB,2023-10-26 07:51:40
334,The Contact (1997),SUB,2023-10-26 00:39:39
335,Long Live Love (2023),SUB,2023-10-25 20:34:23
336,Operation Mekong (2016),SUB,2023-10-25 18:27:58
337,The Turning Road (2017),SUB,2023-10-25 18:23:37
338,The Running Actress (2017),RAW,2023-10-25 18:21:06
339,Raid on the Lethal Zone (2023),SUB,2023-10-23 06:33:58
340,City of Fathers (2009),SUB,2023-10-19 17:53:21
341,Tomorrow x Together: Our Lost Summer (2023),SUB,2023-10-19 17:52:40
342,Ghost Rookie (2023),SUB,2023-10-18 14:49:43
343,Blue Again (2022),SUB,2023-10-17 18:40:35
344,Shylock's Children (2023),RAW,2023-10-16 07:49:09
345,Everything is Unknown (2023),SUB,2023-10-16 01:26:54
346,Smugglers (2023),SUB,2023-10-15 19:55:19
347,Water Flowing to the Sea (2023),SUB,2023-10-15 18:44:06
348,Once Upon a Star (2023),SUB,2023-10-11 06:01:30
349,The Breaking Ice (2023),SUB,2023-10-09 19:35:07
350,The Limit (2022),RAW,2023-10-09 07:10:16
351,Kamen Rider: Beyond Generations (2021),SUB,2023-10-09 06:59:28
352,For The New Emperor (2020),SUB,2023-10-09 01:25:09
353,Flaming Cloud (2023),SUB,2023-10-08 05:57:28
354,As Long As We Both Shall Live (2023),SUB,2023-10-06 19:46:21
355,Ballerina (2023),SUB,2023-10-06 05:43:15
356,Kitty the Killer (2023),SUB,2023-10-05 18:28:33
357,Baby Assassins 2 Babies (2023),SUB,2023-10-04 18:34:28
358,We Make Antiques! 3 (2023),SUB,2023-10-02 20:54:53
359,The Book and the Sword (2023),SUB,2023-10-02 20:54:31
360,This Child Is Evil (2022),SUB,2023-09-27 23:13:08
361,Creation of the Gods I: Kingdom of Storms (2023),SUB,2023-09-27 19:47:27
362,Concrete Utopia (2023),SUB,2023-09-27 19:44:04
363,Windmill (2023),RAW,2023-09-27 18:41:07
364,Conjuring Curse (2023),SUB,2023-09-26 23:19:37
365,Our Dating Sim Movie (2023),SUB,2023-09-26 19:50:37
366,The Thousand Faces of Feijia (2023),SUB,2023-09-22 08:07:46
367,Fantasy Magician 2 (2023),SUB,2023-09-22 08:04:52
368,Dragon Quest: The Soul Coffin (2023),SUB,2023-09-22 08:04:34
369,Dragon Sword: Ancient Battlefield (2023),SUB,2023-09-22 08:04:24
370,Liao Zhai Fox Spirit: Spoony Woman (2023),SUB,2023-09-22 08:02:26
371,Tale of the Mural (2023),SUB,2023-09-22 07:59:44
372,Soul of Light (2023),SUB,2023-09-22 07:59:30
373,Wedding High (2022),RAW,2023-09-19 19:56:46
374,My Tempo (2022),SUB,2023-09-19 19:12:11
375,Thunder Monk (2023),SUB,2023-09-19 17:36:06
376,Stone Skipping (2020),SUB,2023-09-18 21:42:03
377,League of Gods: Zhou Destruction (2023),SUB,2023-09-18 21:41:37
378,Ransomed (2023),SUB,2023-09-18 21:41:18
379,The Warlords (2007),RAW,2023-09-17 07:40:06
380,Legend of Hunter 2: Forest of Reincarnation (2023),SUB,2023-09-17 07:21:27
381,Like a Virgin (2006),SUB,2023-09-15 04:21:59
382,Tales of Nobody (2023),RAW,2023-09-15 04:21:13
383,On the Edge (2022),RAW,2023-09-15 00:56:36
384,Death Notice (2023),RAW,2023-09-14 18:51:39
385,Once Upon a Crime (2023),SUB,2023-09-14 02:29:17
386,Someday or One Day: The Movie (2022),SUB,2023-09-14 00:11:29
387,My Beautiful Man: Eternal (2023),SUB,2023-09-12 08:25:05
388,The River (2023),SUB,2023-09-10 15:33:30
389,Count (2023),SUB,2023-09-10 15:33:09
390,Invisible (2023),SUB,2023-09-08 19:16:58
391,Awake (2022),SUB,2023-09-08 18:22:40
392,Tricksters (2023),SUB,2023-09-07 19:22:46
393,Nemesis: The Mystery of the Golden Spiral (2023),RAW,2023-09-05 23:56:57
394,The Comeback (2023),SUB,2023-09-05 23:56:30
395,Super Daddy (2023),SUB,2023-09-05 23:56:17
396,Lop Nor Tomb (2023),SUB,2023-09-05 00:40:31
397,North East Police Story 2 (2023),SUB,2023-09-04 00:49:21
398,White Fox Love Affair (2023),SUB,2023-09-03 19:50:13
399,Gate,SUB,2023-09-02 05:04:23
400,The Moon (2023),SUB,2023-08-30 18:21:20
401,Lamb Game (2023),SUB,2023-08-28 19:31:45
402,Born to Fly (2023),SUB,2023-08-27 20:01:00
403,Do Unto Others (2023),SUB,2023-08-27 19:57:57
404,Pure White,SUB,2023-08-24 20:43:24
405,See Hear Love: Mienakute mo Kikoenakute mo Aishiteru (2023),SUB,2023-08-23 20:35:58
406,The Hill of Secrets (2022),RAW,2023-08-23 19:30:53
407,My Worst Neighbor (2023),SUB,2023-08-22 18:59:05
408,Love Never Ends (2023),SUB,2023-08-21 00:09:00
409,Ping-Pong: The Triumph (2023),SUB,2023-08-21 00:08:48
410,Detective Dee and The Dragon of Fire (2023),SUB,2023-08-20 07:06:26
411,The Devildom Elephant Man (2023),SUB,2023-08-20 07:06:10
412,Streamer (2023),SUB,2023-08-20 07:05:47
413,The Girl of Destiny (2023),SUB,2023-08-19 08:43:16
414,Sayounara Konbanwa (2022),SUB,2023-08-19 08:22:50
415,Mondays (2022),SUB,2023-08-16 17:31:10
416,Stay With Me (2022),SUB,2023-08-14 00:43:50
417,Silent Parade (2022),SUB,2023-08-11 00:05:46
418,Otona Najimi (2023),RAW,2023-08-11 00:04:43
419,Offbeat Cops (2022),RAW,2023-08-11 00:04:13
420,The Puppet (2023),SUB,2023-08-10 20:46:39
421,Ghost Book (2022),SUB,2023-08-10 20:46:20
422,Black Night Parade (2022),SUB,2023-08-10 20:45:15
423,Marry My Dead Body (2023),SUB,2023-08-10 06:50:50
424,Home for Rent (2023),SUB,2023-08-10 01:23:47
425,The White Storm 3: Heaven or Hell (2023),SUB,2023-08-09 18:42:42
426,Forbidden Zone (2023),SUB,2023-08-03 08:25:16
427,Zom 100: Bucket List of the Dead (2023),SUB,2023-08-03 08:24:32
428,Cicadas (2022),SUB,2023-07-30 23:34:13
429,Scamsgiving (2023),SUB,2023-07-30 08:38:55
430,The Childe (2023),SUB,2023-07-29 01:18:49
431,"Brats, Be Ambitious! (2023)",RAW,2023-07-28 17:34:25
432,The Murderer (2023),SUB,2023-07-27 20:01:19
433,Lady (2023),RAW,2023-07-27 18:40:51
434,Killing Romance (2023),SUB,2023-07-26 20:00:02
435,The Zen Diary (2022),SUB,2023-07-23 23:41:16
436,A Guilty Conscience (2023),SUB,2023-07-23 19:02:36
437,The Contorted House (2021),SUB,2023-07-20 18:25:18
438,Shin Kamen Rider (2023),SUB,2023-07-20 18:24:58
439,My Heart Puppy (2023),SUB,2023-07-20 08:55:49
440,Say Yes Again (2022),SUB,2023-07-19 15:40:38
441,White Snake (2019),SUB,2023-07-19 04:03:29
442,Hachiko (2023),SUB,2023-07-15 16:17:38
443,The Assassin (2023),SUB,2023-07-14 07:38:17
444,Hoon Payon (2023),SUB,2023-07-13 18:38:42
445,Kill the Drug Lords (2023),RAW,2023-07-13 07:36:54
446,Cross the Battlefield (2023),RAW,2023-07-09 08:01:10
447,Buaphan Fan Yap (2022),RAW,2023-07-08 02:44:50
448,Thid Noi (2023),RAW,2023-07-08 02:44:25
449,Asura (2023),RAW,2023-07-06 17:44:53
450,Citizen Pane (2023),RAW,2023-07-06 17:44:43
451,Goddamned Asura (2022),SUB,2023-07-06 17:43:12
452,A Man (2022),SUB,2023-07-05 19:19:45
453,The Roundup: No Way Out (2023),SUB,2023-07-04 17:40:43
454,Journey to the Shore (2020),SUB,2023-07-04 01:43:47
455,Phases of the Moon (2022),SUB,2023-07-03 21:28:01
456,Exist Within (2022),SUB,2023-07-03 19:05:23
457,Dream Palace (2022),RAW,2023-07-01 14:59:30
458,Faces in the Crowd (2023),SUB,2023-06-30 07:05:09
459,Inhuman Kiss 2 (2023),SUB,2023-06-30 01:33:36
460,Egoist (2023),SUB,2023-06-29 01:45:21
461,Butterfly Effect (2023),RAW,2023-06-28 07:59:27
462,The Hand (2023),RAW,2023-06-27 01:46:21
463,Dream (2023),SUB,2023-06-27 01:45:43
464,All These Years (2023),SUB,2023-06-22 17:19:01
465,Ride On (2023),SUB,2023-06-20 21:05:14
466,Evil Spider (2023),SUB,2023-06-18 03:33:20
467,The Village (2023),SUB,2023-06-16 15:16:11
468,Motherhood (2022) (JP),SUB,2023-06-16 15:12:48
469,What She Likes (2021),SUB,2023-06-05 07:49:30
470,The Ghost Station (2023),SUB,2023-05-31 00:06:48
471,Highway Family (2022),SUB,2023-05-30 08:01:55
472,Yesterday Once More (2023),SUB,2023-05-29 18:47:33
473,The Legend & Butterfly (2023),SUB,2023-05-27 08:45:31
474,Flash Over (2022),SUB,2023-05-23 07:18:01
475,Switch (2023),SUB,2023-05-17 18:00:13
476,Full River Red (2023),SUB,2023-05-15 19:00:11
477,Hontoni Atta Kowai Hanashi,RAW,2023-05-13 06:09:15
478,Kirei 〜 The Woman Who Met Up With God 〜 (2019),RAW,2023-05-13 05:57:17
479,Sincerite (2017),RAW,2023-05-13 05:53:24
480,NHK Butterfly Effect (2022),RAW,2023-05-13 05:52:54
481,You & Me & Me (2023),SUB,2023-05-10 18:53:09
482,Bakumatsu Without Honor and Humanity (2023),RAW,2023-05-09 19:29:31
483,Ajoomma (2022),SUB,2023-05-07 20:25:26
484,Swallow (2023),RAW,2023-05-03 09:11:28
485,Radiation House: The Movie (2022),SUB,2023-05-02 19:18:27
486,Yo nimo Kimyou na Monogatari: 2014 Fall Special (2014),SUB,2023-05-01 06:31:32
487,Fantastic Girls,SUB,2023-04-28 23:28:38
488,Brother (2021),SUB,2023-04-28 23:28:03
489,Another Way,SUB,2023-04-28 23:27:09
490,"Tokyo Tower: Mom and Me, and Sometimes Dad Special (2006)",RAW,2023-04-28 06:10:43
491,Toki wa Tachidomaranai (2014),RAW,2023-04-28 06:09:47
492,Honto ni Atta Kowai Hanashi 2020 (2020),RAW,2023-04-28 06:09:13
493,Renai Shousetsu (2004),RAW,2023-04-28 00:27:02
494,Their Christmas (2002),RAW,2023-04-27 18:05:01
495,Boogie Nights (2022),SUB,2023-04-26 08:54:48
496,Daemuga: Sorrow and Joy (2022),SUB,2023-04-24 23:51:29
497,The Devil's Deal (2023),SUB,2023-04-24 23:51:08
498,Behind the Blue Eyes (2023),SUB,2023-04-24 06:29:52
499,A Far Shore (2023),SUB,2023-04-22 08:05:44
500,Suga: Road to D-Day (2023),SUB,2023-04-21 20:16:05
501,Soulmate (2023),SUB,2023-04-20 07:36:23
502,Hidden Blade (2023),SUB,2023-04-18 19:39:11
503,Cafe Midnight: Missing Honey (2022),SUB,2023-04-14 08:01:37
504,Golden Escape (2022),SUB,2023-04-13 08:40:29
505,Life Must Go On (2022),SUB,2023-04-13 08:40:23
506,A Murder Erased (2022),SUB,2023-04-13 08:40:16
507,I Want to Know Your Parents (2022),SUB,2023-04-13 08:39:28
508,Marui Video (2023),SUB,2023-04-10 18:01:18
509,Plan 75 (2022),SUB,2023-04-10 18:00:59
510,Convenience Story (2022),SUB,2023-04-09 23:49:36
511,Hunger (2023),SUB,2023-04-08 07:26:05
512,Koi wa Hikari (2022),RAW,2023-04-06 07:17:52
513,True Accident Property Part 2 / Annihilation (2022),RAW,2023-04-05 08:13:00
514,The Lines that Define Me (2022),SUB,2023-04-04 08:31:53
515,Love Mooning (2021),SUB,2023-04-04 08:30:03
516,Snowball (2021),SUB,2023-03-31 20:46:44
517,Kill Bok Soon (2023),SUB,2023-03-31 03:54:30
518,A Song for My Dear (2023),RAW,2023-03-29 07:35:33
519,Missing You (2016),SUB,2023-03-27 07:08:12
520,The Turtle Island (2021),SUB,2023-03-27 07:07:37
521,Ping-Pong of China (2023),SUB,2023-03-23 08:09:26
522,Good Deal (2022),SUB,2023-03-20 00:31:03
523,The Cheese Sisters (2022),SUB,2023-03-16 23:07:39
524,The Lake (2022),SUB,2023-03-16 23:07:16
525,Honest Candidate 2 (2022),SUB,2023-03-13 17:35:05
526,Tibetan Raiders (2022),SUB,2023-03-12 21:49:51
527,Anata no Ban Desu SP (2021),RAW,2023-03-10 22:34:19
528,The Confidence Man JP: Episode of the Hero (2022),SUB,2023-03-08 18:19:02
529,Phantom (2023),SUB,2023-03-05 19:41:46
530,Grown-ups (2022),SUB,2023-03-04 06:15:08
531,Gentleman (2022),SUB,2023-03-01 17:14:15
532,The Sparring Partner (2022),SUB,2023-02-27 07:01:58
533,When Our Love Remains As Scent (2023),RAW,2023-02-27 05:54:17
534,Even if This Love Disappears From the World Tonight (2022),SUB,2023-02-26 14:02:36
535,Anime Supremacy! (2022),SUB,2023-02-26 14:02:10
536,The Point Men (2023),SUB,2023-02-26 14:01:40
537,Call Me Chihiro (2023),SUB,2023-02-23 05:48:41
538,Yanagawa (2022),RAW,2023-02-22 07:34:33
539,The Goblin (2022),SUB,2023-02-19 10:16:30
540,Detective Chen (2022),SUB,2023-02-17 17:57:13
541,J-Hope in the Box (2023),SUB,2023-02-17 15:19:06
542,Unlocked (2023),SUB,2023-02-17 05:56:13
543,OMG! Oh My Girl (2022),SUB,2023-02-16 07:07:17
544,Through My Midwinter (2022),RAW,2023-02-15 17:30:33
545,Office Cooking (2022),RAW,2023-02-15 17:29:22
546,Re/Member (2022),SUB,2023-02-15 17:06:33
547,Ichigeki (2023),SUB,2023-02-14 14:33:53
548,Adulting at Eighteen (2023),RAW,2023-02-14 07:23:24
549,HiGH&LOW THE WORST Cross (2022),RAW,2023-02-11 07:53:56
550,Lesson in Murder (2022),RAW,2023-02-10 22:04:21
551,To the World with You (2022),SUB,2023-02-10 22:04:01
552,Ditto (2022),SUB,2023-02-10 01:18:23
553,Tomorrow's Dining Table (2021),SUB,2023-02-09 19:57:46
554,Sakra (2023),SUB,2023-02-07 17:54:58
555,"Brother, Android and Me (2022)",RAW,2023-02-07 17:54:30
556,The Voice of Sin (2020),RAW,2023-02-05 23:33:14
557,Legend of Lord of Heaven (2019),RAW,2023-02-05 23:32:49
558,Little Blue (2022),SUB,2023-02-01 17:16:21
559,Check Out: The Movie (2023),SUB,2023-01-31 17:24:38
560,The Owl (2022),SUB,2023-01-31 06:55:26
561,Ai Long Nhai: The Endless Love (2023),SUB,2023-01-31 06:54:41
562,Alivehoon (2022),RAW,2023-01-30 17:56:42
563,Walk Up (2022),SUB,2023-01-30 17:56:19
564,Faces of Anne (2022),SUB,2023-01-30 13:09:30
565,Oh! My Assistant (Movie) (2023),SUB,2023-01-23 16:53:12
566,The Gossip (2021),SUB,2023-01-23 16:22:35
567,Goodbye Cruel World (2022),SUB,2023-01-22 07:07:29
568,Decibel (2022),SUB,2023-01-22 07:06:41
569,Sniper: Vengeance (2023),SUB,2023-01-22 03:05:05
570,The Post-Truth World (2022),SUB,2023-01-21 06:34:18
571,Gangnam Zombie (2023),SUB,2023-01-20 07:38:50
572,Jung_E (2023),SUB,2023-01-20 01:17:56
573,Akira and Akira (2022),RAW,2023-01-18 12:38:32
574,Tonbi (2022),SUB,2023-01-18 12:38:09
575,The Boy Inside (2012),RAW,2023-01-16 23:42:26
576,Table for Six (2022),SUB,2023-01-16 17:59:10
577,Indian Pink (2021),RAW,2023-01-15 07:17:18
578,Tetsujin 28 (2005),RAW,2023-01-15 03:18:14
579,Boy Meets Boy (2008),RAW,2023-01-14 23:55:03
580,Sadako DX (2022),SUB,2023-01-12 00:50:27
581,Hagoku (2017),RAW,2023-01-10 23:21:57
582,Rampo Noir (2005),RAW,2023-01-10 23:21:43
583,Kindaichi Kosuke vs. Akechi Kogoro Futatabi (2014),RAW,2023-01-10 22:47:37
584,Hula Girls (2006),SUB,2023-01-10 22:47:18
585,Yin and Yang Painted Skin (2022),SUB,2023-01-09 18:41:11
586,"Yes, I Can’t Swim (2022)",SUB,2023-01-07 05:34:53
587,Serendipity Love (2022),RAW,2023-01-06 22:32:54
588,Tang and Me (2022),RAW,2023-01-05 23:17:18
589,Kingdom 2: To the Far Land (2022),SUB,2023-01-05 22:04:59
590,My Broken Mariko (2022),SUB,2023-01-04 07:05:15
591,Tales from the Occult (2022),SUB,2023-01-03 17:34:10
592,A Christmas Carol (2022),SUB,2023-01-03 17:32:07
593,20-Year-Old Soul (2022),SUB,2023-01-02 20:07:19
594,Body 19 (2007),SUB,2023-01-02 17:48:07
595,The Angel's Time (2018),RAW,2023-01-02 17:47:48
596,Life is Beautiful (2022),SUB,2023-01-02 07:49:35
597,The Bandage Club (2007),RAW,2023-01-01 06:00:31
598,The Fire Phoenix (2021),RAW,2023-01-01 05:59:31
599,Dark World (2021),SUB,2023-01-01 05:57:49
600,The All-Out Nine: Field of Nightmares (2005),RAW,2023-01-01 05:57:02
601,Presents: Sea Urchin Rice Cracker (2007),RAW,2023-01-01 05:56:39
602,Nodame Cantabile: The Final Score - Part II (2010),RAW,2022-12-29 05:59:34
603,Nodame Cantabile: The Final Score - Part I (2009),RAW,2022-12-29 05:59:11
604,River of First Love (2004),SUB,2022-12-29 05:57:18
605,Bunny Drop (2011),SUB,2022-12-29 05:56:51
606,Sugar and Spice (2006),SUB,2022-12-29 05:54:17
607,Olympic no Minoshirokin (2013),SUB,2022-12-29 05:52:01
608,Noise (2022),SUB,2022-12-27 20:49:44
609,The Hunk Is the Color Orange (2022),SUB,2022-12-23 17:22:33
610,The Cases of Disappearances (2022),SUB,2022-12-23 00:36:19
611,Kisaragi Station (2022),SUB,2022-12-20 19:24:42
612,Fairy (2021),RAW,2022-12-20 04:53:48
613,Route 1 (2022),RAW,2022-12-20 04:52:05
614,Confession (2022),SUB,2022-12-18 17:29:16
615,Baragaki: Unbroken Samurai (2021),SUB,2022-12-18 17:27:19
616,Home Coming (2022),RAW,2022-12-18 17:26:58
617,Hell Dogs (2022),SUB,2022-12-18 17:26:30
618,Zenkamono (2022),SUB,2022-12-18 07:21:22
619,Kobe Shinbun no Nanokakan (2010),RAW,2022-12-18 05:38:18
620,I Will Fly to the Sky on a Wheelchair! (2012),SUB,2022-12-18 05:37:32
621,The Princess Blade (2001),SUB,2022-12-18 05:23:05
622,The Unborn Child (2011),SUB,2022-12-18 05:22:23
623,"Goodbye, Dragon Inn (2003)",SUB,2022-12-18 05:21:25
624,The Mole Song: Final (2021),RAW,2022-12-18 05:20:28
625,Moneyboys (2021),SUB,2022-12-18 05:19:37
626,Harmful Insect (2001),SUB,2022-12-18 05:17:46
627,Tomie: Replay (2000),SUB,2022-12-18 05:17:11
628,Beauty and the Fist (2019),RAW,2022-12-18 02:30:20
629,Swing Girls (2004),SUB,2022-12-18 02:22:19
630,Ao to Shiro de Mizuiro (2001),SUB,2022-12-18 02:12:09
631,Tomie: The Final Chapter - Forbidden Fruit (2002),SUB,2022-12-18 02:11:20
632,Tomie: Beginning (2005),SUB,2022-12-18 02:09:58
633,Tomie: Revenge (2005),SUB,2022-12-18 02:09:26
634,Tomie vs Tomie (2007),SUB,2022-12-18 02:08:55
635,Tomie Unlimited (2011),RAW,2022-12-18 01:07:01
636,Life of Hae Oak (2022),RAW,2022-12-16 22:25:09
637,The One Hundred (2022),SUB,2022-12-13 23:25:38
638,Ghost Blowing Lamp of the Popeye Man (2022),SUB,2022-12-10 21:03:32
639,Semantic Error: The Movie (2022),SUB,2022-12-09 01:21:40
640,Minxiong Haunted House (2022),SUB,2022-12-07 18:57:10
641,Ox-Head Village (2022),SUB,2022-12-07 18:55:27
642,A Sealed Book (2022),SUB,2022-12-06 23:37:11
643,My Small Land (2022),SUB,2022-12-06 19:22:45
644,The Pass: Last Days of the Samurai (2022),RAW,2022-12-04 22:25:31
645,Winter Rose (2022),RAW,2022-12-04 06:20:31
646,School Tales (2017),SUB,2022-12-03 14:00:12
647,Box! (2010),SUB,2022-12-03 13:59:50
648,Does the Flower Bloom? (2018),SUB,2022-12-03 13:59:17
649,Negative Happy Chainsaw Edge (2008),SUB,2022-12-03 13:58:47
650,Tsuyukusa (2022),RAW,2022-12-03 07:06:40
651,A Day in Tongyeong (2022),RAW,2022-12-03 07:06:23
652,The Warrior from Sky (2021),SUB,2022-12-03 05:32:07
653,Seolhwa (2020),RAW,2022-12-03 05:20:41
654,Shibuya Maruyama Story (2007),RAW,2022-12-03 05:19:08
655,Angel's Egg (2006),SUB,2022-12-02 19:31:20
656,Worst By Chance (2003),RAW,2022-12-02 19:31:01
657,Warriors of Future (2022),SUB,2022-12-02 14:44:48
658,Starting Over (2014),SUB,2022-12-02 14:00:46
659,The Great Yokai War (2005),SUB,2022-12-02 14:00:25
660,Vanishing (2022),RAW,2022-12-02 13:57:38
661,Sisters on the Road (2009),RAW,2022-12-02 13:57:03
662,"Fly High, Run Far (1991)",RAW,2022-12-02 13:56:40
663,Next Door (2022),RAW,2022-11-30 22:12:20
664,"Hot in Day, Cold at Night (2022)",RAW,2022-11-30 22:12:00
665,Remember (2022),SUB,2022-11-30 22:11:24
666,Love Destiny The Movie (2022),SUB,2022-11-30 18:57:26
667,Happy Ending (2022) (Thailand),SUB,2022-11-28 20:56:07
668,Third Time Lucky (2021),SUB,2022-11-27 17:51:45
669,Give Me Five (2022),RAW,2022-11-25 22:43:22
670,My Blue Summer (2022),SUB,2022-11-25 07:03:17
671,Reunion 2: Mystery of the Abyss (2022),SUB,2022-11-23 19:00:01
672,The Yellow Sea (2010),SUB,2022-11-23 00:07:13
673,A Bride for Rip Van Winkle (2016),SUB,2022-11-23 00:06:53
674,Cinema Street (2021),RAW,2022-11-21 12:49:05
675,Journey to the North (2022),SUB,2022-11-20 17:29:03
676,Urban Myths: Tooth Worms (2022),SUB,2022-11-20 17:28:43
677,Paper Beauty (2022),SUB,2022-11-20 17:28:27
678,Ordinary Hero (2022),SUB,2022-11-20 07:01:21
679,The Mystic Nine: Qing Shan Hai Tang (2022),SUB,2022-11-20 07:00:32
680,Wandering (2022),SUB,2022-11-19 13:53:20
681,The Violence Action (2022),SUB,2022-11-19 06:38:53
682,6/45 (2022),SUB,2022-11-18 01:22:31
683,Life Back Then (2011),SUB,2022-11-17 16:15:29
684,Detective Mitarai's Casebook: The Clockwork Current (2016),RAW,2022-11-17 16:14:16
685,Three Summer Night (2015),RAW,2022-11-17 05:44:35
686,Gokushufudou Bakusho! Kachikomi SP (2022),SUB,2022-11-17 05:43:59
687,Dear Lena (2016),SUB,2022-11-17 05:43:28
688,Ten Months (2021),RAW,2022-11-17 05:42:51
689,The Banquet (2006),SUB,2022-11-17 05:40:46
690,The Lost Lotteries (2022),SUB,2022-11-16 23:55:31
691,OUT (2002),RAW,2022-11-15 18:06:44
692,Project Wolf Hunting (2022),SUB,2022-11-14 01:09:05
693,Mama Boy (2022),SUB,2022-11-13 18:34:00
694,Cherry Magic! Thirty Years of Virginity Can Make You a Wizard?!: The Movie (2022),SUB,2022-11-12 07:58:50
695,B Cut (2022),SUB,2022-11-11 19:09:49
696,Hideout (2022),RAW,2022-11-11 07:55:07
697,The Other Child (2022),RAW,2022-11-09 01:16:19
698,Tabi Suru Sandwich (2022),SUB,2022-11-08 05:15:36
699,The Great Illusionist 2 (2022),SUB,2022-11-07 19:09:05
700,Comeback Home (2022),SUB,2022-11-06 14:51:16
701,Time Slip! (2014),RAW,2022-11-05 06:51:44
702,You're So Precious to Me (2021),SUB,2022-11-05 06:38:48
703,Fearless Love (2022),SUB,2022-11-04 23:58:39
704,Hotel Lake (2020),SUB,2022-11-04 18:02:14
705,The Last Thieves (2019),RAW,2022-11-04 15:09:08
706,GOTH (2008),SUB,2022-11-04 15:08:47
707,"Come, Closer (2010)",SUB,2022-11-04 15:08:28
708,Mutant Tiger (2022),SUB,2022-11-04 09:12:35
709,The Dragon Nine (2022),SUB,2022-11-03 08:09:07
710,Tenshi no Iru Toshokan (2017),SUB,2022-11-03 07:07:49
711,Doppelganger (2003),SUB,2022-11-03 07:07:28
712,Blue (2003),SUB,2022-11-03 07:07:04
713,Tokyo Densetsu: Kyofu no Ningen Jigoku (2014),RAW,2022-11-03 07:06:40
714,Toire no Hanako-san: Shin Gekijoban (2013),RAW,2022-11-03 07:03:57
715,Kill Me Now (2022),RAW,2022-11-01 09:10:38
716,Confidential Assignment 2: International (2022),SUB,2022-10-30 18:13:04
717,Leio (2022),SUB,2022-10-28 20:07:54
718,FOX LOVE (2022),SUB,2022-10-28 09:06:33
719,The Mad Sword (2021),SUB,2022-10-28 09:05:28
